,obsHistID,filter,expMJD,fieldID,fieldRA,fieldDec,fiveSigmaDepth
0,127633,g,59753.208268,1000,5.718053,-0.674641,24.241311
1,127670,g,59753.225609,1000,5.718053,-0.674641,24.160844
2,136947,z,59769.276675,1000,5.718053,-0.674641,23.21587
3,136993,z,59769.299544,1000,5.718053,-0.674641,23.36435
4,137990,y,59770.268672,1000,5.718053,-0.674641,21.767917
5,141215,y,59773.276647,1000,5.718053,-0.674641,21.812779
6,141222,y,59773.279951,1000,5.718053,-0.674641,21.839962
7,141392,y,59773.357515,1000,5.718053,-0.674641,21.876416
8,145484,y,59777.305047,1000,5.718053,-0.674641,21.064121
9,145487,y,59777.317169,1000,5.718053,-0.674641,21.145411
10,145520,y,59777.332157,1000,5.718053,-0.674641,21.072341
11,145538,y,59777.340344,1000,5.718053,-0.674641,21.073982
12,145756,y,59777.438488,1000,5.718053,-0.674641,21.237192
13,146825,y,59778.441222,1000,5.718053,-0.674641,20.909705
14,147453,z,59779.248287,1000,5.718053,-0.674641,22.534023
15,147489,z,59779.265844,1000,5.718053,-0.674641,22.527325
16,159085,u,59791.108313,1000,5.718053,-0.674641,23.049245
17,159985,r,59793.117837,1000,5.718053,-0.674641,23.857941
18,160024,r,59793.1384,1000,5.718053,-0.674641,24.091621
19,160178,i,59793.255909,1000,5.718053,-0.674641,23.492241
20,160228,i,59793.282932,1000,5.718053,-0.674641,23.431922
21,165456,z,59801.193545,1000,5.718053,-0.674641,22.185541
22,165490,z,59801.209276,1000,5.718053,-0.674641,22.068655
23,169363,y,59805.135807,1000,5.718053,-0.674641,21.98615
24,172142,g,59808.070087,1000,5.718053,-0.674641,24.651557
25,172175,g,59808.08544,1000,5.718053,-0.674641,24.763804
26,173301,r,59809.187077,1000,5.718053,-0.674641,24.473231
27,173343,r,59809.207529,1000,5.718053,-0.674641,24.476627
28,176998,i,59813.162779,1000,5.718053,-0.674641,23.812015
29,177040,i,59813.182313,1000,5.718053,-0.674641,23.818409
30,178501,u,59818.043509,1000,5.718053,-0.674641,23.204968
31,181716,r,59821.199242,1000,5.718053,-0.674641,24.430987
32,181765,r,59821.224506,1000,5.718053,-0.674641,24.467402
33,184579,i,59824.219938,1000,5.718053,-0.674641,23.683771
34,184624,i,59824.242865,1000,5.718053,-0.674641,23.852036
35,185076,z,59825.01714,1000,5.718053,-0.674641,22.943985
36,185103,z,59825.029388,1000,5.718053,-0.674641,22.711492
37,187047,z,59827.053598,1000,5.718053,-0.674641,22.581675
38,187085,z,59827.071755,1000,5.718053,-0.674641,22.587745
39,189752,r,59835.005203,1000,5.718053,-0.674641,24.473766
40,189785,r,59835.02011,1000,5.718053,-0.674641,24.173047
41,196039,i,59843.010977,1000,5.718053,-0.674641,23.953548
42,196069,i,59843.024586,1000,5.718053,-0.674641,23.845983
43,200548,u,59851.125039,1000,5.718053,-0.674641,23.337664
44,201150,y,59852.985053,1000,5.718053,-0.674641,21.534816
45,206661,y,59860.049891,1000,5.718053,-0.674641,21.75529
46,206686,y,59860.061782,1000,5.718053,-0.674641,21.666861
47,206706,y,59860.071114,1000,5.718053,-0.674641,21.798349
48,209387,z,59863.113173,1000,5.718053,-0.674641,22.78979
49,209419,z,59863.128519,1000,5.718053,-0.674641,22.726735
50,210280,i,59864.143153,1000,5.718053,-0.674641,23.184935
51,213437,r,59869.102934,1000,5.718053,-0.674641,24.477389
52,213471,r,59869.120981,1000,5.718053,-0.674641,24.383183
53,224540,i,59883.0581,1000,5.718053,-0.674641,23.889503
54,224586,i,59883.080857,1000,5.718053,-0.674641,23.794943
55,235821,u,59905.081268,1000,5.718053,-0.674641,22.86838
56,245856,z,59919.039165,1000,5.718053,-0.674641,21.918729
57,245904,z,59919.061256,1000,5.718053,-0.674641,22.17375
58,333428,z,60042.408815,1000,5.718053,-0.674641,21.943087
59,340169,i,60052.385881,1000,5.718053,-0.674641,23.62855
60,340200,i,60052.400663,1000,5.718053,-0.674641,23.695654
61,342575,g,60055.383542,1000,5.718053,-0.674641,24.676993
62,342627,g,60055.407635,1000,5.718053,-0.674641,22.89161
63,346475,i,60059.362828,1000,5.718053,-0.674641,23.450838
64,346498,i,60059.373768,1000,5.718053,-0.674641,23.531777
65,354340,z,60067.378251,1000,5.718053,-0.674641,22.742747
66,354371,z,60067.392765,1000,5.718053,-0.674641,23.077223
67,355435,y,60068.403609,1000,5.718053,-0.674641,21.269355
68,356337,z,60069.343747,1000,5.718053,-0.674641,22.272232
69,356369,z,60069.358321,1000,5.718053,-0.674641,22.287354
70,357371,z,60070.352077,1000,5.718053,-0.674641,22.428182
71,357398,z,60070.364344,1000,5.718053,-0.674641,22.514917
72,357413,z,60070.371075,1000,5.718053,-0.674641,22.553235
73,357447,z,60070.387207,1000,5.718053,-0.674641,22.709897
74,363544,r,60082.375972,1000,5.718053,-0.674641,24.410076
75,363575,r,60082.390064,1000,5.718053,-0.674641,24.459878
76,364401,r,60083.291643,1000,5.718053,-0.674641,24.162938
77,364423,r,60083.301615,1000,5.718053,-0.674641,24.049206
78,365781,r,60085.310925,1000,5.718053,-0.674641,24.161648
79,365816,r,60085.32918,1000,5.718053,-0.674641,24.396394
80,369408,y,60095.297498,1000,5.718053,-0.674641,21.464203
81,369521,i,60095.351709,1000,5.718053,-0.674641,23.087019
82,369558,i,60095.368523,1000,5.718053,-0.674641,23.576278
83,370420,y,60096.267991,1000,5.718053,-0.674641,21.371076
84,370422,y,60096.268886,1000,5.718053,-0.674641,21.394108
85,376338,u,60118.221938,1000,5.718053,-0.674641,23.071815
86,377990,g,60120.249536,1000,5.718053,-0.674641,24.475397
87,378021,g,60120.263831,1000,5.718053,-0.674641,24.29133
88,382055,y,60124.180728,1000,5.718053,-0.674641,21.174055
89,382059,y,60124.182514,1000,5.718053,-0.674641,21.100238
90,382070,y,60124.187615,1000,5.718053,-0.674641,21.071818
91,382081,y,60124.192536,1000,5.718053,-0.674641,21.250422
92,383142,z,60125.1982,1000,5.718053,-0.674641,22.609351
93,383165,z,60125.208519,1000,5.718053,-0.674641,22.555365
94,384173,z,60126.185175,1000,5.718053,-0.674641,22.387744
95,384216,z,60126.205101,1000,5.718053,-0.674641,22.252817
96,391650,i,60133.428596,1000,5.718053,-0.674641,21.771699
97,393187,i,60138.167579,1000,5.718053,-0.674641,23.159204
98,393216,i,60138.180694,1000,5.718053,-0.674641,23.203256
99,394816,u,60140.17864,1000,5.718053,-0.674641,23.340503
100,396805,i,60142.150578,1000,5.718053,-0.674641,23.083959
101,396841,i,60142.168021,1000,5.718053,-0.674641,23.272779
102,398845,g,60144.1433,1000,5.718053,-0.674641,24.264526
103,398889,g,60144.166209,1000,5.718053,-0.674641,24.525602
104,399845,u,60145.136787,1000,5.718053,-0.674641,23.092407
105,401245,r,60147.211358,1000,5.718053,-0.674641,24.235122
106,401291,r,60147.234016,1000,5.718053,-0.674641,24.482606
107,408591,z,60160.184777,1000,5.718053,-0.674641,22.421018
108,408625,z,60160.2002,1000,5.718053,-0.674641,22.54259
109,412392,r,60164.09196,1000,5.718053,-0.674641,24.174776
110,412432,r,60164.112969,1000,5.718053,-0.674641,23.94993
111,415399,i,60168.118996,1000,5.718053,-0.674641,23.952819
112,416237,r,60169.054745,1000,5.718053,-0.674641,24.148611
113,416265,r,60169.067547,1000,5.718053,-0.674641,23.970276
114,416281,r,60169.075724,1000,5.718053,-0.674641,23.995363
115,416306,r,60169.087688,1000,5.718053,-0.674641,24.263684
116,417490,u,60176.07604,1000,5.718053,-0.674641,23.070896
117,427952,i,60193.053428,1000,5.718053,-0.674641,23.766958
118,427996,i,60193.077298,1000,5.718053,-0.674641,23.899921
119,429650,g,60196.034582,1000,5.718053,-0.674641,24.415489
120,429681,g,60196.049507,1000,5.718053,-0.674641,24.607224
121,430475,y,60196.996337,1000,5.718053,-0.674641,21.075959
122,434332,z,60201.980701,1000,5.718053,-0.674641,22.124998
123,434368,z,60201.997101,1000,5.718053,-0.674641,23.05658
124,438684,r,60209.020237,1000,5.718053,-0.674641,24.128551
125,438706,r,60209.030189,1000,5.718053,-0.674641,24.200048
126,445124,y,60217.983156,1000,5.718053,-0.674641,21.033448
127,458007,y,60241.99553,1000,5.718053,-0.674641,21.499616
128,458043,y,60242.01181,1000,5.718053,-0.674641,21.575729
129,458048,y,60242.014064,1000,5.718053,-0.674641,21.61936
130,458127,y,60242.050277,1000,5.718053,-0.674641,21.829446
131,460656,y,60245.118387,1000,5.718053,-0.674641,21.635753
132,474153,y,60272.066972,1000,5.718053,-0.674641,21.757701
133,478493,z,60278.020516,1000,5.718053,-0.674641,22.125968
134,478525,z,60278.035019,1000,5.718053,-0.674641,22.018771
135,566932,i,60416.392876,1000,5.718053,-0.674641,23.767004
136,568341,i,60419.378449,1000,5.718053,-0.674641,23.67331
137,568390,i,60419.40102,1000,5.718053,-0.674641,23.787657
138,571218,y,60423.375503,1000,5.718053,-0.674641,21.263639
139,571222,y,60423.377295,1000,5.718053,-0.674641,21.270803
140,572036,y,60425.413482,1000,5.718053,-0.674641,21.679963
141,573005,z,60426.395145,1000,5.718053,-0.674641,22.443656
142,573045,z,60426.413347,1000,5.718053,-0.674641,22.00516
143,574198,y,60428.354131,1000,5.718053,-0.674641,21.470081
144,574214,y,60428.361281,1000,5.718053,-0.674641,21.500257
145,574218,y,60428.363072,1000,5.718053,-0.674641,21.507462
146,578157,z,60434.42829,1000,5.718053,-0.674641,22.26375
147,579092,u,60436.378351,1000,5.718053,-0.674641,22.985516
148,581220,g,60443.314712,1000,5.718053,-0.674641,24.301774
149,581257,g,60443.332035,1000,5.718053,-0.674641,24.399303
150,583358,r,60445.387137,1000,5.718053,-0.674641,24.230049
151,583395,r,60445.405171,1000,5.718053,-0.674641,24.26619
152,584197,i,60446.306147,1000,5.718053,-0.674641,23.13945
153,584241,i,60446.328019,1000,5.718053,-0.674641,23.249345
154,594588,r,60463.339549,1000,5.718053,-0.674641,24.207159
155,594631,r,60463.359271,1000,5.718053,-0.674641,24.236283
156,596553,u,60465.2613,1000,5.718053,-0.674641,23.084443
157,606194,r,60490.188442,1000,5.718053,-0.674641,23.845755
158,606232,r,60490.205763,1000,5.718053,-0.674641,23.956411
159,606266,r,60490.221203,1000,5.718053,-0.674641,23.97038
160,606294,r,60490.235995,1000,5.718053,-0.674641,24.012298
161,607281,g,60491.221679,1000,5.718053,-0.674641,24.049188
162,607315,g,60491.238852,1000,5.718053,-0.674641,24.053647
163,610264,r,60494.180892,1000,5.718053,-0.674641,24.163057
164,610308,r,60494.201605,1000,5.718053,-0.674641,24.264045
165,614155,i,60498.184948,1000,5.718053,-0.674641,23.296268
166,614200,i,60498.206068,1000,5.718053,-0.674641,23.38274
167,617261,r,60501.162799,1000,5.718053,-0.674641,24.119597
168,617305,r,60501.182999,1000,5.718053,-0.674641,24.217339
169,621519,i,60506.188132,1000,5.718053,-0.674641,23.219391
170,621549,i,60506.201624,1000,5.718053,-0.674641,23.284515
171,622621,z,60507.209015,1000,5.718053,-0.674641,22.288841
172,622672,z,60507.234664,1000,5.718053,-0.674641,22.380468
173,623516,y,60508.131885,1000,5.718053,-0.674641,21.279688
174,623535,y,60508.140433,1000,5.718053,-0.674641,21.316958
175,624311,z,60509.156567,1000,5.718053,-0.674641,22.325659
176,624352,z,60509.176297,1000,5.718053,-0.674641,22.409496
177,629787,y,60515.305616,1000,5.718053,-0.674641,21.456704
178,630218,r,60517.155601,1000,5.718053,-0.674641,23.566256
179,630871,i,60518.126123,1000,5.718053,-0.674641,23.475623
180,630909,i,60518.144261,1000,5.718053,-0.674641,23.42338
181,631853,r,60520.103286,1000,5.718053,-0.674641,23.879733
182,631901,r,60520.125372,1000,5.718053,-0.674641,23.993971
183,633159,u,60524.09617,1000,5.718053,-0.674641,22.952569
184,634154,u,60525.092934,1000,5.718053,-0.674641,22.771595
185,634168,u,60525.099239,1000,5.718053,-0.674641,22.816329
186,636391,g,60529.12873,1000,5.718053,-0.674641,24.644305
187,636423,g,60529.145793,1000,5.718053,-0.674641,24.700026
188,641588,i,60535.086262,1000,5.718053,-0.674641,23.151857
189,641629,i,60535.105618,1000,5.718053,-0.674641,23.235441
190,643967,z,60538.061191,1000,5.718053,-0.674641,22.404225
191,644000,z,60538.078139,1000,5.718053,-0.674641,22.486099
192,650702,i,60545.313888,1000,5.718053,-0.674641,23.245273
193,651087,g,60546.035555,1000,5.718053,-0.674641,24.271091
194,651117,g,60546.049244,1000,5.718053,-0.674641,24.347918
195,654931,r,60550.036957,1000,5.718053,-0.674641,24.091052
196,654968,r,60550.054145,1000,5.718053,-0.674641,24.168928
197,658731,i,60556.014129,1000,5.718053,-0.674641,23.442825
198,658778,i,60556.037098,1000,5.718053,-0.674641,23.548606
199,658800,i,60556.047879,1000,5.718053,-0.674641,23.590299
200,658830,i,60556.0621,1000,5.718053,-0.674641,23.638124
201,659673,u,60557.00725,1000,5.718053,-0.674641,23.280772
202,666584,y,60570.009137,1000,5.718053,-0.674641,21.78591
203,666618,y,60570.024428,1000,5.718053,-0.674641,21.824033
204,666766,y,60570.090645,1000,5.718053,-0.674641,21.915962
205,667846,y,60571.146519,1000,5.718053,-0.674641,21.911702
206,670213,y,60574.992673,1000,5.718053,-0.674641,21.563273
207,672861,y,60579.997438,1000,5.718053,-0.674641,21.258031
208,687943,z,60598.084852,1000,5.718053,-0.674641,22.344054
209,687975,z,60598.100458,1000,5.718053,-0.674641,22.316642
210,687994,z,60598.109916,1000,5.718053,-0.674641,22.29627
211,688035,z,60598.12945,1000,5.718053,-0.674641,22.244725
212,708446,y,60626.069746,1000,5.718053,-0.674641,21.622484
213,709186,y,60627.058327,1000,5.718053,-0.674641,21.505735
214,711570,z,60630.100777,1000,5.718053,-0.674641,21.762935
215,714351,z,60634.034053,1000,5.718053,-0.674641,21.996351
216,815542,z,60774.409592,1000,5.718053,-0.674641,21.664339
217,817487,y,60777.403907,1000,5.718053,-0.674641,21.438053
218,826798,r,60791.371339,1000,5.718053,-0.674641,24.135681
219,826827,r,60791.385035,1000,5.718053,-0.674641,24.19955
220,828440,g,60793.363031,1000,5.718053,-0.674641,24.406694
221,828480,g,60793.381977,1000,5.718053,-0.674641,24.504789
222,832597,r,60799.346616,1000,5.718053,-0.674641,23.928406
223,832629,r,60799.361351,1000,5.718053,-0.674641,24.00147
224,833623,i,60800.367856,1000,5.718053,-0.674641,23.667638
225,833670,i,60800.389663,1000,5.718053,-0.674641,23.747334
226,836513,y,60803.318525,1000,5.718053,-0.674641,21.668079
227,836542,i,60803.33348,1000,5.718053,-0.674641,23.497619
228,836575,i,60803.349019,1000,5.718053,-0.674641,23.551732
229,836612,i,60803.365744,1000,5.718053,-0.674641,23.8179
230,836650,i,60803.383348,1000,5.718053,-0.674641,23.879402
231,837560,y,60804.319525,1000,5.718053,-0.674641,21.618685
232,837573,y,60804.325351,1000,5.718053,-0.674641,21.64488
233,838617,y,60805.326084,1000,5.718053,-0.674641,21.804146
234,838623,y,60805.328768,1000,5.718053,-0.674641,21.815257
235,845853,z,60812.303809,1000,5.718053,-0.674641,22.159807
236,845891,z,60812.321523,1000,5.718053,-0.674641,22.250546
237,850948,r,60822.279206,1000,5.718053,-0.674641,24.070674
238,850981,r,60822.296104,1000,5.718053,-0.674641,24.157478
239,858118,i,60831.318076,1000,5.718053,-0.674641,23.702574
240,858161,i,60831.337547,1000,5.718053,-0.674641,23.749127
241,858542,i,60833.269395,1000,5.718053,-0.674641,23.241404
242,858585,i,60833.289957,1000,5.718053,-0.674641,23.367965
243,861360,i,60843.408537,1000,5.718053,-0.674641,23.306076
244,863438,z,60845.426237,1000,5.718053,-0.674641,22.268408
245,863471,z,60845.442224,1000,5.718053,-0.674641,22.245028
246,865800,u,60849.279391,1000,5.718053,-0.674641,23.241334
247,866752,u,60850.220035,1000,5.718053,-0.674641,23.129058
248,870651,z,60860.164401,1000,5.718053,-0.674641,22.485377
249,870676,z,60860.177384,1000,5.718053,-0.674641,22.573089
250,872744,z,60862.170415,1000,5.718053,-0.674641,22.661083
251,872774,z,60862.184063,1000,5.718053,-0.674641,22.736367
252,873851,y,60863.191422,1000,5.718053,-0.674641,21.86211
253,873886,y,60863.207101,1000,5.718053,-0.674641,21.908684
254,874854,y,60864.166725,1000,5.718053,-0.674641,21.563832
255,881196,r,60873.394703,1000,5.718053,-0.674641,23.72906
256,881707,r,60875.150794,1000,5.718053,-0.674641,24.260874
257,881734,r,60875.163452,1000,5.718053,-0.674641,24.317213
258,884749,u,60878.126519,1000,5.718053,-0.674641,23.053237
259,884759,u,60878.131034,1000,5.718053,-0.674641,23.085538
260,886951,g,60880.186504,1000,5.718053,-0.674641,24.850079
261,887014,g,60880.217511,1000,5.718053,-0.674641,24.919995
262,889851,r,60883.116701,1000,5.718053,-0.674641,23.876395
263,889895,r,60883.138393,1000,5.718053,-0.674641,23.980933
264,890492,r,60884.180744,1000,5.718053,-0.674641,24.39714
265,895161,z,60889.084469,1000,5.718053,-0.674641,22.668259
266,895192,z,60889.099638,1000,5.718053,-0.674641,22.758617
267,896447,r,60890.22346,1000,5.718053,-0.674641,24.094592
268,896486,r,60890.242214,1000,5.718053,-0.674641,24.132142
269,897185,z,60891.090653,1000,5.718053,-0.674641,22.194316
270,897214,z,60891.104207,1000,5.718053,-0.674641,22.265357
271,897781,i,60892.279063,1000,5.718053,-0.674641,23.408745
272,903453,z,60898.2464,1000,5.718053,-0.674641,22.48853
273,903496,z,60898.266565,1000,5.718053,-0.674641,22.467082
274,905086,r,60900.078377,1000,5.718053,-0.674641,23.89368
275,905512,i,60900.28186,1000,5.718053,-0.674641,23.315933
276,905549,i,60900.298883,1000,5.718053,-0.674641,23.270674
277,905579,i,60900.312721,1000,5.718053,-0.674641,23.226326
278,905614,i,60900.328606,1000,5.718053,-0.674641,23.166462
279,905660,i,60900.349364,1000,5.718053,-0.674641,23.072253
280,906566,g,60902.170496,1000,5.718053,-0.674641,24.481179
281,911913,g,60908.043698,1000,5.718053,-0.674641,24.34336
282,911939,g,60908.055438,1000,5.718053,-0.674641,24.410383
283,913319,r,60910.129651,1000,5.718053,-0.674641,24.05805
284,913352,r,60910.144566,1000,5.718053,-0.674641,24.081194
285,914134,u,60911.050624,1000,5.718053,-0.674641,23.01287
286,915222,u,60912.089263,1000,5.718053,-0.674641,23.298756
287,916076,u,60913.044218,1000,5.718053,-0.674641,22.804492
288,918880,y,60931.984103,1000,5.718053,-0.674641,21.453
289,918909,y,60931.997141,1000,5.718053,-0.674641,21.650053
290,920782,g,60934.011308,1000,5.718053,-0.674641,24.810978
291,920813,g,60934.025551,1000,5.718053,-0.674641,24.863751
292,922676,r,60936.035879,1000,5.718053,-0.674641,24.127183
293,922705,r,60936.049246,1000,5.718053,-0.674641,24.158789
294,923554,i,60937.016643,1000,5.718053,-0.674641,23.657618
295,923588,i,60937.032333,1000,5.718053,-0.674641,23.702888
296,930006,i,60944.042441,1000,5.718053,-0.674641,23.962854
297,930048,i,60944.062929,1000,5.718053,-0.674641,23.995185
298,940762,i,60958.210706,1000,5.718053,-0.674641,22.780419
299,941423,r,60959.12033,1000,5.718053,-0.674641,23.95246
300,941459,r,60959.138234,1000,5.718053,-0.674641,23.752238
301,951783,z,60974.009051,1000,5.718053,-0.674641,22.150931
302,956050,y,60980.001088,1000,5.718053,-0.674641,21.583917
303,956100,y,60980.024002,1000,5.718053,-0.674641,21.722883
304,960892,r,60994.077262,1000,5.718053,-0.674641,24.197363
305,960935,r,60994.09813,1000,5.718053,-0.674641,24.096266
306,966759,y,61003.036297,1000,5.718053,-0.674641,21.478881
307,1065728,z,61138.416176,1000,5.718053,-0.674641,21.899537
308,1067588,y,61140.405072,1000,5.718053,-0.674641,21.433591
309,1067603,y,61140.411792,1000,5.718053,-0.674641,21.461876
310,1070923,g,61148.381608,1000,5.718053,-0.674641,24.672839
311,1070965,g,61148.401438,1000,5.718053,-0.674641,24.786163
312,1072892,y,61150.425053,1000,5.718053,-0.674641,21.476446
313,1073847,y,61151.41765,1000,5.718053,-0.674641,21.875182
314,1076699,r,61154.393321,1000,5.718053,-0.674641,24.355138
315,1078574,i,61156.362322,1000,5.718053,-0.674641,23.217939
316,1078617,i,61156.381884,1000,5.718053,-0.674641,23.317069
317,1081555,y,61159.348817,1000,5.718053,-0.674641,21.099339
318,1081581,y,61159.360434,1000,5.718053,-0.674641,21.14928
319,1083665,y,61161.363679,1000,5.718053,-0.674641,21.640881
320,1086847,y,61164.397614,1000,5.718053,-0.674641,21.996139
321,1093614,u,61174.356146,1000,5.718053,-0.674641,22.781057
322,1098150,i,61179.338331,1000,5.718053,-0.674641,23.58155
323,1098192,i,61179.357744,1000,5.718053,-0.674641,23.64718
324,1099361,g,61181.294413,1000,5.718053,-0.674641,24.523264
325,1099397,g,61181.310907,1000,5.718053,-0.674641,24.616295
326,1106847,z,61194.34366,1000,5.718053,-0.674641,21.644537
327,1106880,z,61194.359762,1000,5.718053,-0.674641,21.676322
328,1111248,z,61218.200699,1000,5.718053,-0.674641,21.922278
329,1111282,z,61218.215929,1000,5.718053,-0.674641,21.999637
330,1112328,y,61219.203042,1000,5.718053,-0.674641,21.286416
331,1122373,u,61233.177757,1000,5.718053,-0.674641,23.146888
332,1124448,u,61235.157991,1000,5.718053,-0.674641,23.110082
333,1125573,r,61236.198707,1000,5.718053,-0.674641,23.889149
334,1125622,r,61236.221495,1000,5.718053,-0.674641,23.951851
335,1127614,g,61239.177716,1000,5.718053,-0.674641,24.108037
336,1127643,g,61239.191198,1000,5.718053,-0.674641,24.157078
337,1129545,z,61243.118083,1000,5.718053,-0.674641,22.573649
338,1129581,z,61243.13475,1000,5.718053,-0.674641,22.674168
339,1131628,z,61245.118739,1000,5.718053,-0.674641,22.30279
340,1131663,z,61245.135278,1000,5.718053,-0.674641,22.392003
341,1131671,z,61245.138909,1000,5.718053,-0.674641,22.409922
342,1131714,z,61245.158748,1000,5.718053,-0.674641,22.497502
343,1132042,i,61245.312721,1000,5.718053,-0.674641,23.372319
344,1132089,i,61245.336607,1000,5.718053,-0.674641,23.484786
345,1133803,y,61247.18972,1000,5.718053,-0.674641,21.077695
346,1133809,y,61247.192422,1000,5.718053,-0.674641,21.082268
347,1133828,y,61247.201032,1000,5.718053,-0.674641,21.095575
348,1133866,y,61247.218176,1000,5.718053,-0.674641,21.11655
349,1134756,y,61248.233579,1000,5.718053,-0.674641,21.086071
350,1142066,i,61256.274426,1000,5.718053,-0.674641,23.23065
351,1142111,i,61256.29727,1000,5.718053,-0.674641,23.191566
352,1142195,i,61256.338872,1000,5.718053,-0.674641,23.07341
353,1142241,i,61256.361051,1000,5.718053,-0.674641,22.985632
354,1144638,r,61259.086785,1000,5.718053,-0.674641,24.041273
355,1144668,r,61259.101017,1000,5.718053,-0.674641,24.112793
356,1145650,i,61260.08179,1000,5.718053,-0.674641,23.518132
357,1145692,i,61260.101522,1000,5.718053,-0.674641,23.614774
358,1150687,u,61266.083294,1000,5.718053,-0.674641,23.173785
359,1152984,r,61268.208392,1000,5.718053,-0.674641,24.359567
360,1153025,r,61268.228162,1000,5.718053,-0.674641,24.351209
361,1162919,y,61280.060661,1000,5.718053,-0.674641,21.75187
362,1162998,y,61280.097079,1000,5.718053,-0.674641,21.836218
363,1163344,z,61281.026131,1000,5.718053,-0.674641,21.871994
364,1163377,z,61281.041719,1000,5.718053,-0.674641,21.92152
365,1163760,z,61281.224891,1000,5.718053,-0.674641,22.096202
366,1163784,z,61281.237337,1000,5.718053,-0.674641,22.073636
367,1164600,i,61285.179071,1000,5.718053,-0.674641,23.74509
368,1164633,i,61285.197121,1000,5.718053,-0.674641,23.697228
369,1165148,r,61285.996695,1000,5.718053,-0.674641,23.733489
370,1165188,r,61286.01478,1000,5.718053,-0.674641,23.838204
371,1168736,g,61298.050409,1000,5.718053,-0.674641,24.840555
372,1168777,g,61298.069225,1000,5.718053,-0.674641,24.887559
373,1176023,y,61308.139848,1000,5.718053,-0.674641,21.54819
374,1176034,y,61308.145196,1000,5.718053,-0.674641,21.542421
375,1176045,y,61308.150574,1000,5.718053,-0.674641,21.535946
376,1176068,y,61308.162347,1000,5.718053,-0.674641,21.51921
377,1177926,z,61310.184465,1000,5.718053,-0.674641,22.041572
378,1177959,z,61310.200617,1000,5.718053,-0.674641,21.987556
379,1179392,i,61312.04609,1000,5.718053,-0.674641,23.049723
380,1179426,i,61312.061748,1000,5.718053,-0.674641,23.035102
381,1179675,i,61312.187498,1000,5.718053,-0.674641,22.681222
382,1180983,z,61313.98641,1000,5.718053,-0.674641,22.228738
383,1181013,z,61313.999915,1000,5.718053,-0.674641,22.253007
384,1184484,r,61318.009356,1000,5.718053,-0.674641,24.646138
385,1184521,r,61318.02609,1000,5.718053,-0.674641,24.673588
386,1184524,r,61318.02745,1000,5.718053,-0.674641,24.675395
387,1184577,r,61318.052578,1000,5.718053,-0.674641,24.698193
388,1184640,r,61318.084511,1000,5.718053,-0.674641,24.698111
389,1184691,r,61318.110077,1000,5.718053,-0.674641,24.674542
390,1188028,u,61322.061622,1000,5.718053,-0.674641,23.535832
391,1191765,z,61327.007521,1000,5.718053,-0.674641,22.109139
392,1193458,r,61329.02834,1000,5.718053,-0.674641,24.236975
393,1193499,r,61329.047637,1000,5.718053,-0.674641,24.241264
394,1198156,z,61336.010296,1000,5.718053,-0.674641,22.12993
395,1198209,z,61336.035442,1000,5.718053,-0.674641,22.49731
396,1199105,y,61337.078866,1000,5.718053,-0.674641,21.540324
397,1199110,y,61337.081219,1000,5.718053,-0.674641,21.536914
398,1211032,i,61363.084781,1000,5.718053,-0.674641,22.628453
399,1211073,i,61363.103798,1000,5.718053,-0.674641,22.527269
400,1217376,y,61372.027,1000,5.718053,-0.674641,21.619668
401,1219556,r,61375.057847,1000,5.718053,-0.674641,24.209452
402,1219586,r,61375.071479,1000,5.718053,-0.674641,24.129157
403,1315670,y,61515.383528,1000,5.718053,-0.674641,21.610789
404,1319762,z,61520.417816,1000,5.718053,-0.674641,21.946848
405,1325597,i,61526.383527,1000,5.718053,-0.674641,23.003894
406,1325641,i,61526.404605,1000,5.718053,-0.674641,23.075842
407,1326593,g,61527.393579,1000,5.718053,-0.674641,24.478908
408,1327624,u,61528.392311,1000,5.718053,-0.674641,23.245068
409,1328537,u,61529.34389,1000,5.718053,-0.674641,22.865095
410,1336182,i,61539.312555,1000,5.718053,-0.674641,23.795135
411,1336229,i,61539.334679,1000,5.718053,-0.674641,23.907284
412,1337286,i,61540.370486,1000,5.718053,-0.674641,23.732535
413,1337324,i,61540.388039,1000,5.718053,-0.674641,23.778915
414,1337387,z,61540.420257,1000,5.718053,-0.674641,22.122764
415,1338178,z,61541.31372,1000,5.718053,-0.674641,22.833499
416,1338221,z,61541.336633,1000,5.718053,-0.674641,22.904105
417,1349367,i,61557.27072,1000,5.718053,-0.674641,23.278382
418,1349400,i,61557.2862,1000,5.718053,-0.674641,23.353818
419,1350462,g,61558.314182,1000,5.718053,-0.674641,24.50903
420,1350506,g,61558.334308,1000,5.718053,-0.674641,24.570847
421,1351055,r,61559.342751,1000,5.718053,-0.674641,24.232222
422,1351089,r,61559.358589,1000,5.718053,-0.674641,24.26158
423,1352035,u,61560.301331,1000,5.718053,-0.674641,23.235458
424,1353026,g,61561.277261,1000,5.718053,-0.674641,24.504857
425,1353061,g,61561.293433,1000,5.718053,-0.674641,24.576453
426,1354007,g,61562.25242,1000,5.718053,-0.674641,24.394829
427,1354048,g,61562.271398,1000,5.718053,-0.674641,24.499429
428,1354894,r,61563.31486,1000,5.718053,-0.674641,24.137782
429,1354933,r,61563.332999,1000,5.718053,-0.674641,24.181471
430,1355786,y,61571.226685,1000,5.718053,-0.674641,21.145702
431,1355805,y,61571.235221,1000,5.718053,-0.674641,21.180846
432,1355822,y,61571.24286,1000,5.718053,-0.674641,21.209631
433,1355864,y,61571.261936,1000,5.718053,-0.674641,21.271895
434,1356914,y,61572.250183,1000,5.718053,-0.674641,21.880145
435,1357944,y,61573.22312,1000,5.718053,-0.674641,21.477487
436,1366271,i,61581.380769,1000,5.718053,-0.674641,23.02637
437,1366306,i,61581.397815,1000,5.718053,-0.674641,23.005849
438,1366322,i,61581.405386,1000,5.718053,-0.674641,22.993768
439,1366353,i,61581.420217,1000,5.718053,-0.674641,22.964661
440,1366945,i,61582.202118,1000,5.718053,-0.674641,23.304273
441,1366973,i,61582.214789,1000,5.718053,-0.674641,23.342751
442,1374887,g,61591.168649,1000,5.718053,-0.674641,24.255241
443,1374909,g,61591.178809,1000,5.718053,-0.674641,24.316505
444,1375781,u,61593.245782,1000,5.718053,-0.674641,23.344189
445,1379021,z,61598.180269,1000,5.718053,-0.674641,22.801289
446,1379046,z,61598.193802,1000,5.718053,-0.674641,22.870675
447,1379070,r,61598.20624,1000,5.718053,-0.674641,24.020296
448,1379112,r,61598.229628,1000,5.718053,-0.674641,24.128772
449,1379197,r,61598.268589,1000,5.718053,-0.674641,24.2711
450,1379229,r,61598.283116,1000,5.718053,-0.674641,24.378229
451,1380076,z,61599.187635,1000,5.718053,-0.674641,22.331793
452,1380108,z,61599.202176,1000,5.718053,-0.674641,22.393741
453,1384787,y,61608.22912,1000,5.718053,-0.674641,21.952561
454,1386351,i,61610.129062,1000,5.718053,-0.674641,23.159358
455,1386398,i,61610.151424,1000,5.718053,-0.674641,23.209286
456,1387781,r,61611.309382,1000,5.718053,-0.674641,24.097259
457,1387819,r,61611.327175,1000,5.718053,-0.674641,24.063871
458,1389405,r,61616.102175,1000,5.718053,-0.674641,24.160128
459,1389436,r,61616.116247,1000,5.718053,-0.674641,24.235308
460,1390412,u,61617.100504,1000,5.718053,-0.674641,23.015668
461,1390421,u,61617.104535,1000,5.718053,-0.674641,23.04551
462,1391477,u,61618.107095,1000,5.718053,-0.674641,23.029195
463,1396574,r,61624.108147,1000,5.718053,-0.674641,24.043704
464,1396611,r,61624.125518,1000,5.718053,-0.674641,24.121517
465,1397534,y,61625.084617,1000,5.718053,-0.674641,21.620985
466,1397549,y,61625.091345,1000,5.718053,-0.674641,21.647375
467,1398512,y,61626.073588,1000,5.718053,-0.674641,21.697048
468,1398559,r,61626.097344,1000,5.718053,-0.674641,24.176694
469,1398590,r,61626.111439,1000,5.718053,-0.674641,24.245091
470,1405289,i,61649.005553,1000,5.718053,-0.674641,23.277119
471,1405318,i,61649.018672,1000,5.718053,-0.674641,23.351018
472,1407125,r,61650.996712,1000,5.718053,-0.674641,23.805711
473,1407170,r,61651.017017,1000,5.718053,-0.674641,23.926071
474,1414081,z,61672.988227,1000,5.718053,-0.674641,21.931576
475,1414111,z,61673.001677,1000,5.718053,-0.674641,23.100146
476,1416255,z,61677.985866,1000,5.718053,-0.674641,21.975164
477,1416294,z,61678.003462,1000,5.718053,-0.674641,23.162541
478,1416299,i,61678.007058,1000,5.718053,-0.674641,23.699566
479,1416337,i,61678.024222,1000,5.718053,-0.674641,23.736924
480,1417913,z,61679.988093,1000,5.718053,-0.674641,22.260292
481,1417951,z,61680.005205,1000,5.718053,-0.674641,23.460757
482,1423024,z,61685.998463,1000,5.718053,-0.674641,22.043981
483,1423058,z,61686.013922,1000,5.718053,-0.674641,22.69455
484,1426434,z,61690.033661,1000,5.718053,-0.674641,22.27193
485,1426485,z,61690.057432,1000,5.718053,-0.674641,22.272972
486,1427132,y,61691.08804,1000,5.718053,-0.674641,21.360623
487,1427152,y,61691.097301,1000,5.718053,-0.674641,21.350959
488,1430509,i,61695.091582,1000,5.718053,-0.674641,23.142755
489,1441189,r,61711.066994,1000,5.718053,-0.674641,24.049146
490,1441224,r,61711.083133,1000,5.718053,-0.674641,24.009234
491,1441987,r,61712.085383,1000,5.718053,-0.674641,23.782112
492,1442040,r,61712.111664,1000,5.718053,-0.674641,23.698612
493,1443044,y,61721.061328,1000,5.718053,-0.674641,21.358831
494,1447618,i,61727.091899,1000,5.718053,-0.674641,23.235302
495,1447648,i,61727.106795,1000,5.718053,-0.674641,22.809168
496,1452622,u,61735.076885,1000,5.718053,-0.674641,22.677821
497,1456816,r,61741.070268,1000,5.718053,-0.674641,23.842119
498,1460210,i,61746.059087,1000,5.718053,-0.674641,22.871705
499,1562526,i,61885.399512,1000,5.718053,-0.674641,23.424869
500,1562559,y,61885.41623,1000,5.718053,-0.674641,21.371887
501,1562577,y,61885.424286,1000,5.718053,-0.674641,21.394084
502,1563862,g,61887.359551,1000,5.718053,-0.674641,24.350955
503,1563891,g,61887.372739,1000,5.718053,-0.674641,24.427914
504,1564578,u,61888.362419,1000,5.718053,-0.674641,22.788794
505,1566511,i,61890.361173,1000,5.718053,-0.674641,23.732783
506,1566545,i,61890.377064,1000,5.718053,-0.674641,23.807127
507,1567459,r,61891.352885,1000,5.718053,-0.674641,24.231787
508,1567495,r,61891.369274,1000,5.718053,-0.674641,24.315648
509,1572367,y,61897.334128,1000,5.718053,-0.674641,21.302964
510,1575467,y,61900.329359,1000,5.718053,-0.674641,21.590878
511,1577822,r,61908.363786,1000,5.718053,-0.674641,23.933989
512,1577866,r,61908.384927,1000,5.718053,-0.674641,23.988127
513,1582129,i,61918.33299,1000,5.718053,-0.674641,23.928978999999998
514,1582162,i,61918.348035,1000,5.718053,-0.674641,23.970858
515,1586434,z,61928.257808,1000,5.718053,-0.674641,22.010641
516,1586472,z,61928.27614,1000,5.718053,-0.674641,22.100336
517,1587394,u,61943.210208,1000,5.718053,-0.674641,22.942345
518,1587408,u,61943.216862,1000,5.718053,-0.674641,22.989479
519,1592779,y,61955.234019,1000,5.718053,-0.674641,21.707788
520,1595268,y,61958.396914,1000,5.718053,-0.674641,21.588634
521,1595276,y,61958.400755,1000,5.718053,-0.674641,21.580876
522,1601302,i,61964.307551,1000,5.718053,-0.674641,23.205857
523,1601345,i,61964.328268,1000,5.718053,-0.674641,23.19356
524,1601368,i,61964.338666,1000,5.718053,-0.674641,23.182539
525,1601404,i,61964.355933,1000,5.718053,-0.674641,23.156823
526,1601417,i,61964.361885,1000,5.718053,-0.674641,23.145733
527,1601447,i,61964.375767,1000,5.718053,-0.674641,23.115325
528,1601456,i,61964.37989,1000,5.718053,-0.674641,23.105028
529,1601484,i,61964.392583,1000,5.718053,-0.674641,23.069558
530,1601535,i,61964.415951,1000,5.718053,-0.674641,22.988488
531,1602002,r,61965.14483,1000,5.718053,-0.674641,23.531162
532,1602033,r,61965.158893,1000,5.718053,-0.674641,23.57522
533,1602059,r,61965.170597,1000,5.718053,-0.674641,23.61207
534,1602094,r,61965.186383,1000,5.718053,-0.674641,23.644738
535,1604796,g,61974.402367,1000,5.718053,-0.674641,24.033221
536,1604822,g,61974.414899,1000,5.718053,-0.674641,23.964734
537,1606244,g,61976.125732,1000,5.718053,-0.674641,24.129919
538,1606289,g,61976.147252,1000,5.718053,-0.674641,24.239447
539,1609325,y,61980.134729,1000,5.718053,-0.674641,21.319515
540,1610294,y,61981.105304,1000,5.718053,-0.674641,21.395252
541,1610315,y,61981.114719,1000,5.718053,-0.674641,21.433492
542,1610408,r,61981.159077,1000,5.718053,-0.674641,23.944131
543,1610455,r,61981.180787,1000,5.718053,-0.674641,24.030545
544,1612419,y,61983.143284,1000,5.718053,-0.674641,21.076653
545,1612485,y,61983.172927,1000,5.718053,-0.674641,21.141563
546,1613709,y,61985.165614,1000,5.718053,-0.674641,21.692436
547,1613859,z,61986.129636,1000,5.718053,-0.674641,21.879377
548,1613892,z,61986.14491,1000,5.718053,-0.674641,21.931606
549,1616451,y,61990.128056,1000,5.718053,-0.674641,21.683752
550,1617748,z,61991.261317,1000,5.718053,-0.674641,22.470251
551,1617779,z,61991.275969,1000,5.718053,-0.674641,22.451301
552,1619662,i,61993.240263,1000,5.718053,-0.674641,23.310218
553,1619708,i,61993.262437,1000,5.718053,-0.674641,23.282652
554,1621344,r,61995.09055,1000,5.718053,-0.674641,24.381074
555,1621379,r,61995.107282,1000,5.718053,-0.674641,24.449514
556,1621397,r,61995.115719,1000,5.718053,-0.674641,24.479518
557,1621442,r,61995.136899,1000,5.718053,-0.674641,24.487887
558,1622293,g,61996.07715,1000,5.718053,-0.674641,24.192326
559,1622325,g,61996.092443,1000,5.718053,-0.674641,24.266492
560,1625481,u,62002.064062,1000,5.718053,-0.674641,22.988725
561,1626467,u,62005.050194,1000,5.718053,-0.674641,23.034311
562,1626473,u,62005.052886,1000,5.718053,-0.674641,23.051853
563,1626751,i,62006.048874,1000,5.718053,-0.674641,23.786743
564,1626792,i,62006.06869,1000,5.718053,-0.674641,23.83633
565,1628168,z,62010.028063,1000,5.718053,-0.674641,22.726485
566,1628198,z,62010.042363,1000,5.718053,-0.674641,22.799863
567,1630061,z,62012.019869,1000,5.718053,-0.674641,22.516114
568,1630098,z,62012.036701,1000,5.718053,-0.674641,22.601909
569,1631658,z,62014.00367,1000,5.718053,-0.674641,21.946208
570,1631688,z,62014.017235,1000,5.718053,-0.674641,22.022124
571,1633293,y,62017.005846,1000,5.718053,-0.674641,21.569142
572,1633303,y,62017.010313,1000,5.718053,-0.674641,21.588003
573,1633358,y,62017.034977,1000,5.718053,-0.674641,21.677192
574,1633805,z,62019.013656,1000,5.718053,-0.674641,22.122258
575,1633847,z,62019.033891,1000,5.718053,-0.674641,22.160241
576,1637219,y,62026.977575,1000,5.718053,-0.674641,21.429034
577,1637235,y,62026.984739,1000,5.718053,-0.674641,21.459161
578,1638120,y,62027.980178,1000,5.718053,-0.674641,21.704827
579,1638122,y,62027.981073,1000,5.718053,-0.674641,21.708505
580,1645124,g,62036.004462,1000,5.718053,-0.674641,24.558028
581,1645166,g,62036.023782,1000,5.718053,-0.674641,24.622131
582,1649105,z,62040.986695,1000,5.718053,-0.674641,21.672853
583,1649135,z,62041.000138,1000,5.718053,-0.674641,21.700032
584,1651279,z,62043.986222,1000,5.718053,-0.674641,21.94742
585,1651304,z,62043.99754,1000,5.718053,-0.674641,21.968461
586,1656741,i,62050.165487,1000,5.718053,-0.674641,23.249435
587,1657413,r,62051.084782,1000,5.718053,-0.674641,24.261935
588,1658239,r,62052.07348,1000,5.718053,-0.674641,24.761575
589,1658277,r,62052.093004,1000,5.718053,-0.674641,24.43836
590,1676360,i,62081.067888,1000,5.718053,-0.674641,23.656905
591,1676388,i,62081.081022,1000,5.718053,-0.674641,23.346648
592,1677137,r,62082.064331,1000,5.718053,-0.674641,24.547292
593,1677168,r,62082.078477,1000,5.718053,-0.674641,24.50177
594,1677227,r,62082.105379,1000,5.718053,-0.674641,24.254784
595,1677251,r,62082.116701,1000,5.718053,-0.674641,24.002953
596,1684456,u,62093.071034,1000,5.718053,-0.674641,22.979173
597,1684693,g,62094.070018,1000,5.718053,-0.674641,24.330957
598,1684721,g,62094.084065,1000,5.718053,-0.674641,24.26336
599,1688297,i,62099.074937,1000,5.718053,-0.674641,23.043204
600,1688989,i,62100.074358,1000,5.718053,-0.674641,22.557722
601,1689015,i,62100.090415,1000,5.718053,-0.674641,22.464714
602,1798288,r,62244.387423,1000,5.718053,-0.674641,24.308622
603,1798326,r,62244.404764,1000,5.718053,-0.674641,24.395914
604,1800289,z,62246.425613,1000,5.718053,-0.674641,22.16496
605,1801127,i,62247.377205,1000,5.718053,-0.674641,23.71271
606,1801164,i,62247.395095,1000,5.718053,-0.674641,23.802331
607,1805953,y,62252.36513,1000,5.718053,-0.674641,21.549473
608,1807945,y,62254.359342,1000,5.718053,-0.674641,21.615062
609,1808032,y,62254.398504,1000,5.718053,-0.674641,21.747951
610,1817161,g,62265.346391,1000,5.718053,-0.674641,24.458236
611,1817201,g,62265.36461,1000,5.718053,-0.674641,24.535507
612,1817829,r,62266.326895,1000,5.718053,-0.674641,24.429536
613,1817860,r,62266.341445,1000,5.718053,-0.674641,24.495679
614,1819917,u,62268.323527,1000,5.718053,-0.674641,23.396261
615,1819923,u,62268.326215,1000,5.718053,-0.674641,23.414981
616,1822956,r,62271.358837,1000,5.718053,-0.674641,24.577475
617,1823000,r,62271.378992,1000,5.718053,-0.674641,24.638248
618,1823848,g,62272.299181,1000,5.718053,-0.674641,24.544474
619,1823875,g,62272.312092,1000,5.718053,-0.674641,24.625004
620,1829160,z,62281.284866,1000,5.718053,-0.674641,22.492575
621,1829200,z,62281.303336,1000,5.718053,-0.674641,22.61515
622,1830764,y,62283.280282,1000,5.718053,-0.674641,21.619516
623,1830768,y,62283.282072,1000,5.718053,-0.674641,21.626902
624,1830886,y,62283.33504,1000,5.718053,-0.674641,21.79047
625,1832961,y,62285.29395,1000,5.718053,-0.674641,21.79112
626,1832971,y,62285.298433,1000,5.718053,-0.674641,21.805926
627,1833021,y,62285.320843,1000,5.718053,-0.674641,21.869563
628,1839082,i,62302.245769,1000,5.718053,-0.674641,23.582196
629,1839115,i,62302.261061,1000,5.718053,-0.674641,23.646584
630,1843993,i,62307.25463,1000,5.718053,-0.674641,23.472574
631,1844017,i,62307.267265,1000,5.718053,-0.674641,23.638075
632,1846056,z,62309.243884,1000,5.718053,-0.674641,22.72707
633,1846084,z,62309.258324,1000,5.718053,-0.674641,22.800243
634,1853216,i,62318.232129,1000,5.718053,-0.674641,23.204503
635,1853253,i,62318.249791,1000,5.718053,-0.674641,23.251753
636,1853613,i,62318.420449,1000,5.718053,-0.674641,23.229562
637,1855897,r,62324.164261,1000,5.718053,-0.674641,24.272724
638,1855932,r,62324.180092,1000,5.718053,-0.674641,24.356834
639,1856984,u,62325.169128,1000,5.718053,-0.674641,22.959151
640,1858073,u,62326.177286,1000,5.718053,-0.674641,23.239567
641,1862206,i,62330.16339,1000,5.718053,-0.674641,23.503712
642,1862247,i,62330.182115,1000,5.718053,-0.674641,23.58605
643,1863330,g,62331.20063,1000,5.718053,-0.674641,24.371796
644,1863367,g,62331.218062,1000,5.718053,-0.674641,24.424464
645,1865279,r,62333.157182,1000,5.718053,-0.674641,23.910216
646,1865316,r,62333.174127,1000,5.718053,-0.674641,23.985331
647,1865362,r,62333.194708,1000,5.718053,-0.674641,24.059833
648,1865397,r,62333.21087,1000,5.718053,-0.674641,24.106612
649,1866313,y,62334.145168,1000,5.718053,-0.674641,21.327778
650,1867321,y,62335.128412,1000,5.718053,-0.674641,21.717921
651,1871773,z,62346.310779,1000,5.718053,-0.674641,22.43902
652,1871809,z,62346.328012,1000,5.718053,-0.674641,22.403996
653,1872358,i,62347.115853,1000,5.718053,-0.674641,23.298202
654,1872401,i,62347.135579,1000,5.718053,-0.674641,23.334865
655,1872794,i,62347.325414,1000,5.718053,-0.674641,23.347476
656,1872837,i,62347.345986,1000,5.718053,-0.674641,23.289739
657,1873394,r,62348.124277,1000,5.718053,-0.674641,23.606016
658,1873434,r,62348.142754,1000,5.718053,-0.674641,23.601147
659,1875095,r,62350.105326,1000,5.718053,-0.674641,24.25807
660,1875139,r,62350.126215,1000,5.718053,-0.674641,24.354066
661,1879053,r,62354.090623,1000,5.718053,-0.674641,24.230817
662,1879092,r,62354.108904,1000,5.718053,-0.674641,24.319246
663,1880038,u,62355.081631,1000,5.718053,-0.674641,22.807801
664,1882100,u,62357.092547,1000,5.718053,-0.674641,23.039456
665,1885598,r,62362.065028,1000,5.718053,-0.674641,23.813011
666,1885644,r,62362.086874,1000,5.718053,-0.674641,23.932068
667,1888248,z,62365.049032,1000,5.718053,-0.674641,22.934953
668,1888288,z,62365.068465,1000,5.718053,-0.674641,23.039959
669,1888351,z,62365.097192,1000,5.718053,-0.674641,23.16577
670,1888386,z,62365.113382,1000,5.718053,-0.674641,23.223078
671,1891133,y,62369.029254,1000,5.718053,-0.674641,21.450632
672,1894151,y,62372.0277,1000,5.718053,-0.674641,21.471709
673,1894167,y,62372.034886,1000,5.718053,-0.674641,21.503651
674,1894179,y,62372.040255,1000,5.718053,-0.674641,21.525959
675,1894210,y,62372.054147,1000,5.718053,-0.674641,21.578005
676,1894826,y,62373.200564,1000,5.718053,-0.674641,21.800235
677,1895881,i,62376.234914,1000,5.718053,-0.674641,22.988622
678,1895915,i,62376.251112,1000,5.718053,-0.674641,22.945782
679,1896223,r,62377.072176,1000,5.718053,-0.674641,23.953107
680,1896268,r,62377.093218,1000,5.718053,-0.674641,23.778545
681,1897034,g,62378.005384,1000,5.718053,-0.674641,23.969972
682,1897062,g,62378.018192,1000,5.718053,-0.674641,24.053508
683,1897171,g,62378.068578,1000,5.718053,-0.674641,24.29261
684,1897213,g,62378.087906,1000,5.718053,-0.674641,24.352346
685,1901555,r,62384.004271,1000,5.718053,-0.674641,23.758799
686,1901585,r,62384.017692,1000,5.718053,-0.674641,23.828271
687,1903579,u,62386.048681,1000,5.718053,-0.674641,23.141969
688,1905688,i,62388.16234,1000,5.718053,-0.674641,23.204087
689,1905717,i,62388.176092,1000,5.718053,-0.674641,23.190843
690,1907151,z,62389.976302,1000,5.718053,-0.674641,21.748781
691,1907194,z,62389.995718,1000,5.718053,-0.674641,22.907701
692,1907324,i,62390.05568,1000,5.718053,-0.674641,23.670757
693,1907369,i,62390.076616,1000,5.718053,-0.674641,23.675701
694,1908099,z,62390.980241,1000,5.718053,-0.674641,21.983491
695,1912930,y,62400.014209,1000,5.718053,-0.674641,21.753292
696,1912932,y,62400.015108,1000,5.718053,-0.674641,21.755307
697,1914540,z,62402.020749,1000,5.718053,-0.674641,21.946575
698,1914571,z,62402.0348,1000,5.718053,-0.674641,21.9564
699,1933174,z,62427.095213,1000,5.718053,-0.674641,22.366611
700,1933224,z,62427.119648,1000,5.718053,-0.674641,22.308901
701,1934708,y,62429.066976,1000,5.718053,-0.674641,21.960964
702,1935589,y,62430.086109,1000,5.718053,-0.674641,21.870516
703,1942170,z,62440.016359,1000,5.718053,-0.674641,22.221394
704,1942366,r,62440.110832,1000,5.718053,-0.674641,24.361503
705,1942394,r,62440.12391,1000,5.718053,-0.674641,24.305012
706,1944591,i,62450.070737,1000,5.718053,-0.674641,23.337344
707,1944631,i,62450.092015,1000,5.718053,-0.674641,23.268469
708,1951650,y,62461.061709,1000,5.718053,-0.674641,21.545348
709,1960011,y,62477.029275,1000,5.718053,-0.674641,21.299819
710,1960026,y,62477.036005,1000,5.718053,-0.674641,21.274122
711,2049827,y,62598.416365,1000,5.718053,-0.674641,21.395921
712,2056910,z,62606.413377,1000,5.718053,-0.674641,22.211992
713,2056931,z,62606.422825,1000,5.718053,-0.674641,22.237968
714,2062477,i,62615.371928,1000,5.718053,-0.674641,23.151241
715,2062514,i,62615.388775,1000,5.718053,-0.674641,23.237514
716,2062580,z,62615.419803,1000,5.718053,-0.674641,22.21397
717,2069943,i,62623.392833,1000,5.718053,-0.674641,23.944245
718,2069977,i,62623.408276,1000,5.718053,-0.674641,23.992918
719,2071840,i,62625.35923,1000,5.718053,-0.674641,23.80136
720,2071888,i,62625.381216,1000,5.718053,-0.674641,23.89259
721,2075802,r,62630.333497,1000,5.718053,-0.674641,23.88891
722,2075846,r,62630.353317,1000,5.718053,-0.674641,23.984813
723,2080923,y,62637.356856,1000,5.718053,-0.674641,21.357732
724,2082382,y,62639.30114,1000,5.718053,-0.674641,21.127313
725,2082431,y,62639.323153,1000,5.718053,-0.674641,21.212887
726,2083213,z,62640.415575,1000,5.718053,-0.674641,22.288029
727,2083256,z,62640.435764,1000,5.718053,-0.674641,21.859573
728,2090554,r,62651.270832,1000,5.718053,-0.674641,24.029971
729,2090583,r,62651.284107,1000,5.718053,-0.674641,24.09988
730,2090658,r,62651.319131,1000,5.718053,-0.674641,24.244536
731,2090692,r,62651.335089,1000,5.718053,-0.674641,24.293564
732,2091551,r,62652.259351,1000,5.718053,-0.674641,23.91298
733,2091595,r,62652.279943,1000,5.718053,-0.674641,24.027046
734,2095309,i,62656.25564,1000,5.718053,-0.674641,23.389283
735,2095335,i,62656.267776,1000,5.718053,-0.674641,23.452939
736,2095371,i,62656.284226,1000,5.718053,-0.674641,23.528266
737,2095408,i,62656.301835,1000,5.718053,-0.674641,23.595057
738,2096578,g,62657.36545,1000,5.718053,-0.674641,24.471499
739,2096630,g,62657.390638,1000,5.718053,-0.674641,24.491256
740,2097889,z,62673.274366,1000,5.718053,-0.674641,22.541985
741,2097920,z,62673.288748,1000,5.718053,-0.674641,22.574081
742,2099115,r,62675.370221,1000,5.718053,-0.674641,24.441
743,2099161,r,62675.393253,1000,5.718053,-0.674641,24.416787
744,2099918,i,62676.258856,1000,5.718053,-0.674641,23.765231
745,2099950,i,62676.273268,1000,5.718053,-0.674641,23.798252
746,2102991,i,62679.242376,1000,5.718053,-0.674641,23.230795
747,2103031,i,62679.26126,1000,5.718053,-0.674641,23.287151
748,2104183,u,62680.293998,1000,5.718053,-0.674641,23.180941
749,2104269,u,62680.332141,1000,5.718053,-0.674641,23.217942
750,2105149,u,62681.238593,1000,5.718053,-0.674641,23.250989
751,2105176,u,62681.250748,1000,5.718053,-0.674641,23.297128
752,2107284,g,62683.259004,1000,5.718053,-0.674641,24.471934
753,2107325,g,62683.280466,1000,5.718053,-0.674641,24.516812
754,2108109,g,62686.175593,1000,5.718053,-0.674641,24.475593
755,2108159,g,62686.201417,1000,5.718053,-0.674641,24.612603
756,2114221,y,62697.139373,1000,5.718053,-0.674641,21.266224
757,2114233,y,62697.144788,1000,5.718053,-0.674641,21.290054
758,2118911,r,62707.118174,1000,5.718053,-0.674641,23.68461
759,2118940,r,62707.131338,1000,5.718053,-0.674641,23.753805
760,2120094,u,62710.139468,1000,5.718053,-0.674641,22.882103
761,2120592,u,62711.123838,1000,5.718053,-0.674641,22.884167
762,2122605,i,62716.089902,1000,5.718053,-0.674641,23.271325
763,2122641,i,62716.107119,1000,5.718053,-0.674641,23.376366
764,2123722,i,62717.134839,1000,5.718053,-0.674641,23.287023
765,2123762,i,62717.153641,1000,5.718053,-0.674641,23.366988
766,2124925,z,62719.087761,1000,5.718053,-0.674641,22.375425
767,2124954,z,62719.101164,1000,5.718053,-0.674641,22.44913
768,2132567,r,62732.0498,1000,5.718053,-0.674641,24.260343
769,2132596,r,62732.063147,1000,5.718053,-0.674641,24.330517
770,2132743,r,62732.131305,1000,5.718053,-0.674641,24.380043
771,2132792,r,62732.153992,1000,5.718053,-0.674641,24.411239
772,2137922,u,62738.045095,1000,5.718053,-0.674641,22.919571
773,2140861,u,62741.05072,1000,5.718053,-0.674641,23.187804
774,2141766,i,62742.022247,1000,5.718053,-0.674641,23.31543
775,2141806,i,62742.040305,1000,5.718053,-0.674641,23.406122
776,2142739,i,62743.024573,1000,5.718053,-0.674641,23.476146
777,2142776,i,62743.041504,1000,5.718053,-0.674641,23.557553
778,2143773,g,62744.065198,1000,5.718053,-0.674641,24.529972
779,2143821,g,62744.087479,1000,5.718053,-0.674641,24.599625
780,2145143,i,62746.036695,1000,5.718053,-0.674641,23.74007
781,2145167,i,62746.047494,1000,5.718053,-0.674641,23.787744
782,2147734,z,62750.008004,1000,5.718053,-0.674641,22.643122
783,2147770,z,62750.024251,1000,5.718053,-0.674641,22.719264
784,2148618,y,62750.997118,1000,5.718053,-0.674641,21.604698
785,2151397,y,62753.974958,1000,5.718053,-0.674641,21.191954
786,2151507,y,62754.024392,1000,5.718053,-0.674641,21.530929
787,2153366,y,62756.0009,1000,5.718053,-0.674641,21.454413
788,2153374,y,62756.004489,1000,5.718053,-0.674641,21.466902
789,2154971,z,62758.015303,1000,5.718053,-0.674641,22.909996
790,2155006,z,62758.031087,1000,5.718053,-0.674641,22.853308
791,2155073,z,62758.061726,1000,5.718053,-0.674641,22.855101
792,2155106,z,62758.076795,1000,5.718053,-0.674641,22.843297
793,2155784,y,62758.980374,1000,5.718053,-0.674641,21.586765
794,2155786,y,62758.98127,1000,5.718053,-0.674641,21.590383
795,2155821,y,62758.996992,1000,5.718053,-0.674641,21.797014
796,2155829,g,62759.001919,1000,5.718053,-0.674641,24.694481
797,2155862,g,62759.016771,1000,5.718053,-0.674641,24.757925
798,2162720,r,62767.003888,1000,5.718053,-0.674641,24.128679
799,2162766,r,62767.024662,1000,5.718053,-0.674641,24.193904
800,2162873,r,62767.074567999996,1000,5.718053,-0.674641,24.27748
801,2162913,r,62767.094246,1000,5.718053,-0.674641,24.287933
802,2171702,z,62781.079461,1000,5.718053,-0.674641,22.650234
803,2171752,z,62781.10641,1000,5.718053,-0.674641,22.629023
804,2172835,z,62783.021136,1000,5.718053,-0.674641,22.491801
805,2172883,z,62783.044783,1000,5.718053,-0.674641,22.503126
806,2182330,r,62795.097219,1000,5.718053,-0.674641,24.424535
807,2182356,r,62795.10949,1000,5.718053,-0.674641,24.392477
808,2189134,r,62804.130262,1000,5.718053,-0.674641,24.594443
809,2189184,r,62804.154506,1000,5.718053,-0.674641,24.480656
810,2197842,y,62825.022423,1000,5.718053,-0.674641,21.730257
811,2203063,r,62834.056445,1000,5.718053,-0.674641,24.01937
812,2203095,r,62834.071139,1000,5.718053,-0.674641,23.946699
813,2205493,y,62838.045814,1000,5.718053,-0.674641,21.718036
814,2207321,y,62841.046108,1000,5.718053,-0.674641,21.614481
815,2208039,z,62842.04203,1000,5.718053,-0.674641,21.849286
816,2208073,z,62842.057766,1000,5.718053,-0.674641,22.269491
817,2285152,y,62963.414882,1000,5.718053,-0.674641,21.329377
818,2295014,i,62975.38944,1000,5.718053,-0.674641,23.697351
819,2305390,z,62995.389231,1000,5.718053,-0.674641,22.756095
820,2305412,z,62995.39929,1000,5.718053,-0.674641,22.787518
821,2311833,u,63005.309477,1000,5.718053,-0.674641,23.067672
822,2313895,i,63010.337841,1000,5.718053,-0.674641,23.347986
823,2313926,i,63010.352001,1000,5.718053,-0.674641,23.390423
824,2314033,i,63010.40175,1000,5.718053,-0.674641,23.483596
825,2314369,g,63012.424322,1000,5.718053,-0.674641,22.513791
826,2317074,r,63015.272422,1000,5.718053,-0.674641,24.072189
827,2317121,r,63015.295206,1000,5.718053,-0.674641,24.188854
828,2319763,g,63018.355653,1000,5.718053,-0.674641,24.438088
829,2319803,g,63018.374178,1000,5.718053,-0.674641,24.467951
830,2322666,z,63021.255238,1000,5.718053,-0.674641,22.170988
831,2322693,z,63021.268113,1000,5.718053,-0.674641,22.24378
832,2323516,y,63022.372568,1000,5.718053,-0.674641,21.978561
833,2324266,z,63023.249459,1000,5.718053,-0.674641,22.02903
834,2324297,z,63023.263406,1000,5.718053,-0.674641,22.10661
835,2325054,g,63031.268487,1000,5.718053,-0.674641,24.4296
836,2325083,g,63031.282585,1000,5.718053,-0.674641,24.452557
837,2326768,i,63036.29481,1000,5.718053,-0.674641,23.897018
838,2326801,i,63036.310049,1000,5.718053,-0.674641,23.926699
839,2328701,r,63040.230033,1000,5.718053,-0.674641,24.380969
840,2328738,r,63040.247847,1000,5.718053,-0.674641,24.45266
841,2333702,y,63047.180145,1000,5.718053,-0.674641,21.510267
842,2333729,y,63047.192219,1000,5.718053,-0.674641,21.56203
843,2335594,y,63049.177373,1000,5.718053,-0.674641,21.616917
844,2339258,i,63057.37231,1000,5.718053,-0.674641,23.470505
845,2339296,i,63057.390726,1000,5.718053,-0.674641,23.42558
846,2339980,i,63061.224244,1000,5.718053,-0.674641,23.795382
847,2340011,i,63061.239079,1000,5.718053,-0.674641,23.826063
848,2340840,i,63062.146208,1000,5.718053,-0.674641,23.648203
849,2340868,i,63062.159134,1000,5.718053,-0.674641,23.714669
850,2340909,i,63062.177771,1000,5.718053,-0.674641,23.796755
851,2340943,i,63062.194357,1000,5.718053,-0.674641,23.856768
852,2342342,r,63064.134254,1000,5.718053,-0.674641,23.777421
853,2342369,r,63064.146412,1000,5.718053,-0.674641,23.84579
854,2344471,r,63067.155491,1000,5.718053,-0.674641,24.013697
855,2344508,r,63067.173061,1000,5.718053,-0.674641,24.085124
856,2345516,r,63068.167239,1000,5.718053,-0.674641,24.128957
857,2345539,r,63068.177789,1000,5.718053,-0.674641,24.166778
858,2348160,i,63071.113236,1000,5.718053,-0.674641,23.413567
859,2348188,i,63071.126212,1000,5.718053,-0.674641,23.498324
860,2349885,z,63073.101886,1000,5.718053,-0.674641,22.87145
861,2349923,z,63073.119781,1000,5.718053,-0.674641,22.991243
862,2351433,y,63077.109777,1000,5.718053,-0.674641,21.681076
863,2354316,y,63080.099207,1000,5.718053,-0.674641,21.401966
864,2357282,y,63083.27279,1000,5.718053,-0.674641,21.591638
865,2357285,y,63083.274152,1000,5.718053,-0.674641,21.590438
866,2357295,y,63083.279113,1000,5.718053,-0.674641,21.585802
867,2359980,g,63086.121406,1000,5.718053,-0.674641,24.409477
868,2362158,u,63092.114705,1000,5.718053,-0.674641,23.458535
869,2363068,u,63093.061292,1000,5.718053,-0.674641,22.973554
870,2363079,u,63093.066354,1000,5.718053,-0.674641,23.010049
871,2363100,u,63093.076005,1000,5.718053,-0.674641,23.074011
872,2363370,u,63094.071579,1000,5.718053,-0.674641,23.115901
873,2364873,r,63096.079286,1000,5.718053,-0.674641,24.456859
874,2364917,r,63096.100142,1000,5.718053,-0.674641,24.5371
875,2366517,i,63100.064304,1000,5.718053,-0.674641,23.757131
876,2366552,i,63100.080794,1000,5.718053,-0.674641,23.835525
877,2367180,g,63101.050651,1000,5.718053,-0.674641,23.930305
878,2367219,g,63101.068691,1000,5.718053,-0.674641,24.02815
879,2368119,y,63102.030401,1000,5.718053,-0.674641,21.77458
880,2371375,y,63110.182028,1000,5.718053,-0.674641,21.577084
881,2372391,z,63111.19759,1000,5.718053,-0.674641,22.307768
882,2372436,z,63111.218993,1000,5.718053,-0.674641,22.276966
883,2375754,r,63115.000824,1000,5.718053,-0.674641,23.878158
884,2375786,r,63115.015383,1000,5.718053,-0.674641,23.953588
885,2376499,g,63117.040241,1000,5.718053,-0.674641,24.60049
886,2376542,g,63117.060026,1000,5.718053,-0.674641,24.666491
887,2378755,z,63120.979621,1000,5.718053,-0.674641,21.777661
888,2378792,z,63120.996393,1000,5.718053,-0.674641,22.918223
889,2380644,r,63123.004703,1000,5.718053,-0.674641,24.383255
890,2380684,r,63123.022999,1000,5.718053,-0.674641,24.455676
891,2389148,y,63136.982335,1000,5.718053,-0.674641,21.643165
892,2389176,y,63136.994942,1000,5.718053,-0.674641,21.67459
893,2390233,z,63139.114187,1000,5.718053,-0.674641,22.416326
894,2390283,z,63139.138329,1000,5.718053,-0.674641,22.377434
895,2392916,y,63143.999221,1000,5.718053,-0.674641,21.444875
896,2396305,y,63148.00292,1000,5.718053,-0.674641,21.531079
897,2399659,i,63152.016434,1000,5.718053,-0.674641,23.20239
898,2399688,i,63152.029671,1000,5.718053,-0.674641,23.212452
899,2399817,i,63152.093429,1000,5.718053,-0.674641,23.183451
900,2399850,i,63152.108544,1000,5.718053,-0.674641,23.157382
901,2399881,i,63152.122597,1000,5.718053,-0.674641,23.12617
902,2399911,i,63152.1362,1000,5.718053,-0.674641,23.089336
903,2406183,z,63159.998618,1000,5.718053,-0.674641,21.848788
904,2406214,z,63160.012627,1000,5.718053,-0.674641,21.854206
905,2422182,r,63189.052455,1000,5.718053,-0.674641,23.867882
906,2422220,r,63189.070841,1000,5.718053,-0.674641,23.802184
907,2427916,y,63197.033893,1000,5.718053,-0.674641,21.628319
908,2427922,y,63197.036585,1000,5.718053,-0.674641,21.620628
909,2428707,z,63198.054919,1000,5.718053,-0.674641,21.889105
910,2428750,z,63198.075284,1000,5.718053,-0.674641,21.762636
911,2434258,y,63207.043279,1000,5.718053,-0.674641,21.304645
